{"cameraMode":{"drawMode":0,"name":"Shaded","section":"Shading Mode"},"sceneLighting":false,"audioPlay":false,"sceneViewState":{"m_AlwaysRefresh":false,"showFog":true,"showSkybox":false,"showFlares":true,"showImageEffects":true,"showParticleSystems":true,"showVisualEffectGraphs":true,"m_FxEnabled":true},"in2DMode":false,"pivot":{"x":0.10619089007377625,"y":-1.91592538356781,"z":-2.9205713272094728},"rotation":{"x":-0.012515466660261155,"y":0.9100909233093262,"z":-0.4133283495903015,"w":-0.027588196098804475},"size":0.1334049254655838,"orthographic":false}