{"cameraMode":{"drawMode":0,"name":"Shaded","section":"Shading Mode"},"sceneLighting":true,"audioPlay":false,"sceneViewState":{"m_AlwaysRefresh":false,"showFog":true,"showSkybox":true,"showFlares":true,"showImageEffects":true,"showParticleSystems":true,"showVisualEffectGraphs":true,"m_FxEnabled":true},"in2DMode":false,"pivot":{"x":235.79339599609376,"y":-528.3950805664063,"z":2654.687255859375},"rotation":{"x":0.17932602763175965,"y":-0.012090037576854229,"z":0.0022066703531891109,"w":0.9837493896484375},"size":2016.1746826171875,"orthographic":false}