{"cameraMode":{"drawMode":0,"name":"Shaded","section":"Shading Mode"},"sceneLighting":false,"audioPlay":false,"sceneViewState":{"m_AlwaysRefresh":false,"showFog":true,"showSkybox":false,"showFlares":true,"showImageEffects":true,"showParticleSystems":true,"showVisualEffectGraphs":true,"m_FxEnabled":true},"in2DMode":false,"pivot":{"x":-0.7199096083641052,"y":0.13895338773727418,"z":0.2776835560798645},"rotation":{"x":0.0765981525182724,"y":0.8959558606147766,"z":-0.17027269303798676,"w":0.4030148983001709},"size":0.4933972656726837,"orthographic":false}